{
  "title": "σ",
  "outline": [
    {
      "level": "H3",
      "text": "Chapter 1",
      "page": 1
    },
    {
      "level": "H2",
      "text": "Introduction",
      "page": 1
    },
    {
      "level": "H1",
      "text": "σ",
      "page": 7
    },
    {
      "level": "H1",
      "text": "×",
      "page": 7
    },
    {
      "level": "H1",
      "text": "+",
      "page": 7
    },
    {
      "level": "H3",
      "text": "Part I",
      "page": 29
    },
    {
      "level": "H2",
      "text": "Applied Math and Machine",
      "page": 29
    },
    {
      "level": "H2",
      "text": "Learning Basics",
      "page": 29
    },
    {
      "level": "H3",
      "text": "Chapter 2",
      "page": 31
    },
    {
      "level": "H2",
      "text": "Linear Algebra",
      "page": 31
    }
  ]
}